{
  "timestamp": "2025-12-14T01:58:49.994955",
  "baseline_cpu": 43.2,
  "baseline_memory": 74.3,
  "baseline_disk": 55.2,
  "total_memory_gb": 64.0,
  "total_disk_gb": 460.4317207336426
}