{
  "timestamp": "2025-12-13T20:01:04.180643",
  "baseline_cpu": 30.9,
  "baseline_memory": 70.4,
  "baseline_disk": 52.8,
  "total_memory_gb": 64.0,
  "total_disk_gb": 460.4317207336426
}