{
  "timestamp": "2025-12-14T16:20:41.572244",
  "baseline_cpu": 31.5,
  "baseline_memory": 72.0,
  "baseline_disk": 59.0,
  "total_memory_gb": 64.0,
  "total_disk_gb": 460.4317207336426
}